season,GW,team,opponent_team,team_score,opponent_score,xG,xGA,was_home,Goal Difference,Predicted Difficulty
2023-24,1,Man City,Burnley,3.0,0.0,2.4000000000000004,0.0,False,3.0,1
2023-24,1,Burnley,Man City,0.0,3.0,0.0,2.4000000000000004,True,-3.0,1
2023-24,1,Nott'm Forest,Arsenal,1.0,2.0,0.8,1.6,False,-1.0,1
2023-24,1,Arsenal,Nott'm Forest,2.0,1.0,1.6,0.8,True,1.0,1
2023-24,1,Bournemouth,West Ham,1.0,1.0,0.8,0.8,True,0.0,1
2023-24,1,West Ham,Bournemouth,1.0,1.0,0.8,0.8,False,0.0,1
2023-24,1,Brighton,Luton,4.0,1.0,3.2,0.8,True,3.0,1
2023-24,1,Luton,Brighton,1.0,4.0,0.8,3.2,False,-3.0,1
2023-24,1,Everton,Fulham,0.0,1.0,0.0,0.8,True,-1.0,1
2023-24,1,Fulham,Everton,1.0,0.0,0.8,0.0,False,1.0,1
2023-24,1,Newcastle,Aston Villa,5.0,1.0,4.0,0.8,True,4.0,1
2023-24,1,Aston Villa,Newcastle,1.0,5.0,0.8,4.0,False,-4.0,1
2023-24,1,Sheffield Utd,Crystal Palace,0.0,1.0,0.0,0.8,True,-1.0,1
2023-24,1,Crystal Palace,Sheffield Utd,1.0,0.0,0.8,0.0,False,1.0,1
2023-24,1,Brentford,Spurs,2.0,2.0,1.6,1.6,True,0.0,1
2023-24,1,Spurs,Brentford,2.0,2.0,1.6,1.6,False,0.0,1
2023-24,1,Liverpool,Chelsea,1.0,1.0,0.8,0.8,False,0.0,2
2023-24,1,Chelsea,Liverpool,1.0,1.0,0.8,0.8,True,0.0,2
2023-24,1,Man Utd,Wolves,1.0,0.0,0.8,0.0,True,1.0,1
2023-24,1,Wolves,Man Utd,0.0,1.0,0.0,0.8,False,-1.0,1
2023-24,2,Aston Villa,Everton,4.0,0.0,3.2,0.0,True,4.0,2
2023-24,2,Everton,Aston Villa,0.0,4.0,0.0,3.2,False,-4.0,2
2023-24,2,Arsenal,Crystal Palace,1.0,0.0,0.8,0.0,False,1.0,2
2023-24,2,Crystal Palace,Arsenal,0.0,1.0,0.0,0.8,True,-1.0,2
2023-24,2,Brentford,Fulham,3.0,0.0,2.4000000000000004,0.0,False,3.0,1
2023-24,2,Fulham,Brentford,0.0,3.0,0.0,2.4000000000000004,True,-3.0,1
2023-24,2,Bournemouth,Liverpool,1.0,3.0,0.8,2.4000000000000004,False,-2.0,3
2023-24,2,Liverpool,Bournemouth,3.0,1.0,2.4000000000000004,0.8,True,2.0,3
2023-24,2,Man City,Newcastle,1.0,0.0,0.8,0.0,True,1.0,2
2023-24,2,Newcastle,Man City,0.0,1.0,0.0,0.8,False,-1.0,2
2023-24,2,Sheffield Utd,Nott'm Forest,1.0,2.0,0.8,1.6,False,-1.0,1
2023-24,2,Nott'm Forest,Sheffield Utd,2.0,1.0,1.6,0.8,True,1.0,1
2023-24,2,Man Utd,Spurs,0.0,2.0,0.0,1.6,False,-2.0,1
2023-24,2,Spurs,Man Utd,2.0,0.0,1.6,0.0,True,2.0,1
2023-24,2,Chelsea,West Ham,1.0,3.0,0.8,2.4000000000000004,False,-2.0,1
2023-24,2,West Ham,Chelsea,3.0,1.0,2.4000000000000004,0.8,True,2.0,1
2023-24,2,Brighton,Wolves,4.0,1.0,3.2,0.8,False,3.0,1
2023-24,2,Wolves,Brighton,1.0,4.0,0.8,3.2,True,-3.0,1
2023-24,3,Arsenal,Fulham,2.0,2.0,1.6,1.6,True,0.0,1
2023-24,3,Fulham,Arsenal,2.0,2.0,1.6,1.6,False,0.0,1
2023-24,3,Bournemouth,Spurs,0.0,2.0,0.0,1.6,True,-2.0,3
2023-24,3,Spurs,Bournemouth,2.0,0.0,1.6,0.0,False,2.0,3
2023-24,3,Brentford,Crystal Palace,1.0,1.0,0.8,0.8,True,0.0,1
2023-24,3,Crystal Palace,Brentford,1.0,1.0,0.8,0.8,False,0.0,1
2023-24,3,Brighton,West Ham,1.0,3.0,0.8,2.4000000000000004,True,-2.0,1
2023-24,3,West Ham,Brighton,3.0,1.0,2.4000000000000004,0.8,False,2.0,1
2023-24,3,Aston Villa,Burnley,3.0,1.0,2.4000000000000004,0.8,False,2.0,1
2023-24,3,Burnley,Aston Villa,1.0,3.0,0.8,2.4000000000000004,True,-2.0,1
2023-24,3,Luton,Chelsea,0.0,3.0,0.0,2.4000000000000004,False,-3.0,1
2023-24,3,Chelsea,Luton,3.0,0.0,2.4000000000000004,0.0,True,3.0,1
2023-24,3,Wolves,Everton,1.0,0.0,0.8,0.0,False,1.0,1
2023-24,3,Everton,Wolves,0.0,1.0,0.0,0.8,True,-1.0,1
2023-24,3,Man Utd,Nott'm Forest,3.0,2.0,2.4000000000000004,1.6,True,1.0,1
2023-24,3,Nott'm Forest,Man Utd,2.0,3.0,1.6,2.4000000000000004,False,-1.0,1
2023-24,3,Newcastle,Liverpool,1.0,2.0,0.8,1.6,True,-1.0,2
2023-24,3,Liverpool,Newcastle,2.0,1.0,1.6,0.8,False,1.0,2
2023-24,3,Sheffield Utd,Man City,1.0,2.0,0.8,1.6,True,-1.0,2
2023-24,3,Man City,Sheffield Utd,2.0,1.0,1.6,0.8,False,1.0,2
2023-24,4,Man Utd,Arsenal,1.0,3.0,0.8,2.4000000000000004,False,-2.0,1
2023-24,4,Arsenal,Man Utd,3.0,1.0,2.4000000000000004,0.8,True,2.0,1
2023-24,4,Brentford,Bournemouth,2.0,2.0,1.6,1.6,True,0.0,1
2023-24,4,Bournemouth,Brentford,2.0,2.0,1.6,1.6,False,0.0,1
2023-24,4,Brighton,Newcastle,3.0,1.0,2.4000000000000004,0.8,True,2.0,1
2023-24,4,Newcastle,Brighton,1.0,3.0,0.8,2.4000000000000004,False,-2.0,1
2023-24,4,Burnley,Spurs,2.0,5.0,1.6,4.0,True,-3.0,1
2023-24,4,Spurs,Burnley,5.0,2.0,4.0,1.6,False,3.0,1
2023-24,4,Chelsea,Nott'm Forest,0.0,1.0,0.0,0.8,True,-1.0,3
2023-24,4,Nott'm Forest,Chelsea,1.0,0.0,0.8,0.0,False,1.0,3
2023-24,4,Wolves,Crystal Palace,2.0,3.0,1.6,2.4000000000000004,False,-1.0,1
2023-24,4,Crystal Palace,Wolves,3.0,2.0,2.4000000000000004,1.6,True,1.0,1
2023-24,4,Liverpool,Aston Villa,3.0,0.0,2.4000000000000004,0.0,True,3.0,1
2023-24,4,Aston Villa,Liverpool,0.0,3.0,0.0,2.4000000000000004,False,-3.0,1
2023-24,4,Luton,West Ham,1.0,2.0,0.8,1.6,True,-1.0,4
2023-24,4,West Ham,Luton,2.0,1.0,1.6,0.8,False,1.0,4
2023-24,4,Man City,Fulham,5.0,1.0,4.0,0.8,True,4.0,2
2023-24,4,Fulham,Man City,1.0,5.0,0.8,4.0,False,-4.0,2
2023-24,4,Sheffield Utd,Everton,2.0,2.0,1.6,1.6,True,0.0,1
2023-24,4,Everton,Sheffield Utd,2.0,2.0,1.6,1.6,False,0.0,1
2023-24,5,Aston Villa,Crystal Palace,3.0,1.0,2.4000000000000004,0.8,True,2.0,3
2023-24,5,Crystal Palace,Aston Villa,1.0,3.0,0.8,2.4000000000000004,False,-2.0,3
2023-24,5,Bournemouth,Chelsea,0.0,0.0,0.0,0.0,True,0.0,1
2023-24,5,Chelsea,Bournemouth,0.0,0.0,0.0,0.0,False,0.0,1
2023-24,5,Arsenal,Everton,1.0,0.0,0.8,0.0,False,1.0,2
2023-24,5,Everton,Arsenal,0.0,1.0,0.0,0.8,True,-1.0,2
2023-24,5,Luton,Fulham,0.0,1.0,0.0,0.8,False,-1.0,3
2023-24,5,Fulham,Luton,1.0,0.0,0.8,0.0,True,1.0,3
2023-24,5,Brighton,Man Utd,3.0,1.0,2.4000000000000004,0.8,False,2.0,3
2023-24,5,Man Utd,Brighton,1.0,3.0,0.8,2.4000000000000004,True,-2.0,3
2023-24,5,Brentford,Newcastle,0.0,1.0,0.0,0.8,False,-1.0,4
2023-24,5,Newcastle,Brentford,1.0,0.0,0.8,0.0,True,1.0,4
2023-24,5,Nott'm Forest,Burnley,1.0,1.0,0.8,0.8,True,0.0,2
2023-24,5,Burnley,Nott'm Forest,1.0,1.0,0.8,0.8,False,0.0,2
2023-24,5,Sheffield Utd,Spurs,1.0,2.0,0.8,1.6,False,-1.0,3
2023-24,5,Spurs,Sheffield Utd,2.0,1.0,1.6,0.8,True,1.0,3
2023-24,5,Man City,West Ham,3.0,1.0,2.4000000000000004,0.8,False,2.0,1
2023-24,5,West Ham,Man City,1.0,3.0,0.8,2.4000000000000004,True,-2.0,1
2023-24,5,Wolves,Liverpool,1.0,3.0,0.8,2.4000000000000004,True,-2.0,1
2023-24,5,Liverpool,Wolves,3.0,1.0,2.4000000000000004,0.8,False,2.0,1
2023-24,6,Arsenal,Spurs,2.0,2.0,1.6,1.6,True,0.0,2
2023-24,6,Spurs,Arsenal,2.0,2.0,1.6,1.6,False,0.0,2
2023-24,6,Brentford,Everton,1.0,3.0,0.8,2.4000000000000004,True,-2.0,3
2023-24,6,Everton,Brentford,3.0,1.0,2.4000000000000004,0.8,False,2.0,3
2023-24,6,Brighton,Bournemouth,3.0,1.0,2.4000000000000004,0.8,True,2.0,1
2023-24,6,Bournemouth,Brighton,1.0,3.0,0.8,2.4000000000000004,False,-2.0,1
2023-24,6,Man Utd,Burnley,1.0,0.0,0.8,0.0,False,1.0,4
2023-24,6,Burnley,Man Utd,0.0,1.0,0.0,0.8,True,-1.0,4
2023-24,6,Chelsea,Aston Villa,0.0,1.0,0.0,0.8,True,-1.0,3
2023-24,6,Aston Villa,Chelsea,1.0,0.0,0.8,0.0,False,1.0,3
2023-24,6,Crystal Palace,Fulham,0.0,0.0,0.0,0.0,True,0.0,1
2023-24,6,Fulham,Crystal Palace,0.0,0.0,0.0,0.0,False,0.0,1
2023-24,6,Liverpool,West Ham,3.0,1.0,2.4000000000000004,0.8,True,2.0,1
2023-24,6,West Ham,Liverpool,1.0,3.0,0.8,2.4000000000000004,False,-2.0,1
2023-24,6,Wolves,Luton,1.0,1.0,0.8,0.8,False,0.0,1
2023-24,6,Luton,Wolves,1.0,1.0,0.8,0.8,True,0.0,1
2023-24,6,Nott'm Forest,Man City,0.0,2.0,0.0,1.6,False,-2.0,2
2023-24,6,Man City,Nott'm Forest,2.0,0.0,1.6,0.0,True,2.0,2
2023-24,6,Sheffield Utd,Newcastle,0.0,8.0,0.0,6.4,True,-8.0,3
2023-24,6,Newcastle,Sheffield Utd,8.0,0.0,6.4,0.0,False,8.0,3
2023-24,7,Luton,Burnley,1.0,2.0,0.8,1.6,True,-1.0,2
2023-24,7,Burnley,Luton,2.0,1.0,1.6,0.8,False,1.0,2
2023-24,7,Brighton,Aston Villa,1.0,6.0,0.8,4.800000000000001,False,-5.0,1
2023-24,7,Aston Villa,Brighton,6.0,1.0,4.800000000000001,0.8,True,5.0,1
2023-24,7,Bournemouth,Arsenal,0.0,4.0,0.0,3.2,True,-4.0,1
2023-24,7,Arsenal,Bournemouth,4.0,0.0,3.2,0.0,False,4.0,1
2023-24,7,Luton,Everton,2.0,1.0,1.6,0.8,False,1.0,2
2023-24,7,Everton,Luton,1.0,2.0,0.8,1.6,True,-1.0,2
2023-24,7,Chelsea,Fulham,2.0,0.0,1.6,0.0,False,2.0,1
2023-24,7,Fulham,Chelsea,0.0,2.0,0.0,1.6,True,-2.0,1
2023-24,7,Man Utd,Crystal Palace,0.0,1.0,0.0,0.8,True,-1.0,1
2023-24,7,Crystal Palace,Man Utd,1.0,0.0,0.8,0.0,False,1.0,1
2023-24,7,Newcastle,Burnley,2.0,0.0,1.6,0.0,True,2.0,1
2023-24,7,Burnley,Newcastle,0.0,2.0,0.0,1.6,False,-2.0,1
2023-24,7,Nott'm Forest,Brentford,1.0,1.0,0.8,0.8,True,0.0,1
2023-24,7,Brentford,Nott'm Forest,1.0,1.0,0.8,0.8,False,0.0,1
2023-24,7,Liverpool,Spurs,1.0,2.0,0.8,1.6,False,-1.0,2
2023-24,7,Spurs,Liverpool,2.0,1.0,1.6,0.8,True,1.0,2
2023-24,7,Sheffield Utd,West Ham,0.0,2.0,0.0,1.6,False,-2.0,1
2023-24,7,West Ham,Sheffield Utd,2.0,0.0,1.6,0.0,True,2.0,1
2023-24,7,Man City,Wolves,1.0,2.0,0.8,1.6,False,-1.0,1
2023-24,7,Wolves,Man City,2.0,1.0,1.6,0.8,True,1.0,1
2023-24,8,Man City,Arsenal,0.0,1.0,0.0,0.8,False,-1.0,1
2023-24,8,Arsenal,Man City,1.0,0.0,0.8,0.0,True,1.0,1
2023-24,8,Brighton,Liverpool,2.0,2.0,1.6,1.6,True,0.0,5
2023-24,8,Liverpool,Brighton,2.0,2.0,1.6,1.6,False,0.0,5
2023-24,8,Chelsea,Burnley,4.0,1.0,3.2,0.8,False,3.0,3
2023-24,8,Burnley,Chelsea,1.0,4.0,0.8,3.2,True,-3.0,3
2023-24,8,Nott'm Forest,Crystal Palace,0.0,0.0,0.0,0.0,False,0.0,1
2023-24,8,Crystal Palace,Nott'm Forest,0.0,0.0,0.0,0.0,True,0.0,1
2023-24,8,Bournemouth,Everton,0.0,3.0,0.0,2.4000000000000004,False,-3.0,1
2023-24,8,Everton,Bournemouth,3.0,0.0,2.4000000000000004,0.0,True,3.0,1
2023-24,8,Sheffield Utd,Fulham,1.0,3.0,0.8,2.4000000000000004,False,-2.0,1
2023-24,8,Fulham,Sheffield Utd,3.0,1.0,2.4000000000000004,0.8,True,2.0,1
2023-24,8,Luton,Spurs,0.0,1.0,0.0,0.8,True,-1.0,1
2023-24,8,Spurs,Luton,1.0,0.0,0.8,0.0,False,1.0,1
2023-24,8,Man Utd,Brentford,2.0,1.0,1.6,0.8,True,1.0,2
2023-24,8,Brentford,Man Utd,1.0,2.0,0.8,1.6,False,-1.0,2
2023-24,8,Newcastle,West Ham,2.0,2.0,1.6,1.6,False,0.0,2
2023-24,8,West Ham,Newcastle,2.0,2.0,1.6,1.6,True,0.0,2
2023-24,8,Wolves,Aston Villa,1.0,1.0,0.8,0.8,True,0.0,1
2023-24,8,Aston Villa,Wolves,1.0,1.0,0.8,0.8,False,0.0,1
2023-24,9,Aston Villa,West Ham,4.0,1.0,3.2,0.8,True,3.0,1
2023-24,9,West Ham,Aston Villa,1.0,4.0,0.8,3.2,False,-3.0,1
2023-24,9,Bournemouth,Wolves,1.0,2.0,0.8,1.6,True,-1.0,1
2023-24,9,Wolves,Bournemouth,2.0,1.0,1.6,0.8,False,1.0,1
2023-24,9,Brentford,Burnley,3.0,0.0,2.4000000000000004,0.0,True,3.0,1
2023-24,9,Burnley,Brentford,0.0,3.0,0.0,2.4000000000000004,False,-3.0,1
2023-24,9,Chelsea,Arsenal,2.0,2.0,1.6,1.6,True,0.0,4
2023-24,9,Arsenal,Chelsea,2.0,2.0,1.6,1.6,False,0.0,4
2023-24,9,Liverpool,Everton,2.0,0.0,1.6,0.0,True,2.0,2
2023-24,9,Everton,Liverpool,0.0,2.0,0.0,1.6,False,-2.0,2
2023-24,9,Brighton,Man City,1.0,2.0,0.8,1.6,False,-1.0,2
2023-24,9,Man City,Brighton,2.0,1.0,1.6,0.8,True,1.0,2
2023-24,9,Newcastle,Crystal Palace,4.0,0.0,3.2,0.0,True,4.0,1
2023-24,9,Crystal Palace,Newcastle,0.0,4.0,0.0,3.2,False,-4.0,1
2023-24,9,Nott'm Forest,Luton,2.0,2.0,1.6,1.6,True,0.0,1
2023-24,9,Luton,Nott'm Forest,2.0,2.0,1.6,1.6,False,0.0,1
2023-24,9,Man Utd,Sheffield Utd,2.0,1.0,1.6,0.8,False,1.0,1
2023-24,9,Sheffield Utd,Man Utd,1.0,2.0,0.8,1.6,True,-1.0,1
2023-24,9,Spurs,Fulham,2.0,0.0,1.6,0.0,True,2.0,1
2023-24,9,Fulham,Spurs,0.0,2.0,0.0,1.6,False,-2.0,1
2023-24,10,Sheffield Utd,Arsenal,0.0,5.0,0.0,4.0,False,-5.0,2
2023-24,10,Arsenal,Sheffield Utd,5.0,0.0,4.0,0.0,True,5.0,2
2023-24,10,Luton,Aston Villa,1.0,3.0,0.8,2.4000000000000004,False,-2.0,2
2023-24,10,Aston Villa,Luton,3.0,1.0,2.4000000000000004,0.8,True,2.0,2
2023-24,10,Bournemouth,Burnley,2.0,1.0,1.6,0.8,True,1.0,1
2023-24,10,Burnley,Bournemouth,1.0,2.0,0.8,1.6,False,-1.0,1
2023-24,10,Brighton,Fulham,1.0,1.0,0.8,0.8,True,0.0,2
2023-24,10,Fulham,Brighton,1.0,1.0,0.8,0.8,False,0.0,2
2023-24,10,Brentford,Chelsea,2.0,0.0,1.6,0.0,False,2.0,2
2023-24,10,Chelsea,Brentford,0.0,2.0,0.0,1.6,True,-2.0,2
2023-24,10,Crystal Palace,Spurs,1.0,2.0,0.8,1.6,True,-1.0,2
2023-24,10,Spurs,Crystal Palace,2.0,1.0,1.6,0.8,False,1.0,2
2023-24,10,Nott'm Forest,Liverpool,0.0,3.0,0.0,2.4000000000000004,False,-3.0,3
2023-24,10,Liverpool,Nott'm Forest,3.0,0.0,2.4000000000000004,0.0,True,3.0,3
2023-24,10,Man Utd,Man City,0.0,3.0,0.0,2.4000000000000004,True,-3.0,1
2023-24,10,Man City,Man Utd,3.0,0.0,2.4000000000000004,0.0,False,3.0,1
2023-24,10,West Ham,Everton,0.0,1.0,0.0,0.8,True,-1.0,1
2023-24,10,Everton,West Ham,1.0,0.0,0.8,0.0,False,1.0,1
2023-24,10,Newcastle,Wolves,2.0,2.0,1.6,1.6,False,0.0,4
2023-24,10,Wolves,Newcastle,2.0,2.0,1.6,1.6,True,0.0,4
2023-24,11,Brentford,West Ham,3.0,2.0,2.4000000000000004,1.6,True,1.0,1
2023-24,11,West Ham,Brentford,2.0,3.0,1.6,2.4000000000000004,False,-1.0,1
2023-24,11,Burnley,Crystal Palace,0.0,2.0,0.0,1.6,True,-2.0,1
2023-24,11,Crystal Palace,Burnley,2.0,0.0,1.6,0.0,False,2.0,1
2023-24,11,Brighton,Everton,1.0,1.0,0.8,0.8,False,0.0,1
2023-24,11,Everton,Brighton,1.0,1.0,0.8,0.8,True,0.0,1
2023-24,11,Man Utd,Fulham,1.0,0.0,0.8,0.0,False,1.0,5
2023-24,11,Fulham,Man Utd,0.0,1.0,0.0,0.8,True,-1.0,5
2023-24,11,Luton,Liverpool,1.0,1.0,0.8,0.8,True,0.0,1
2023-24,11,Liverpool,Luton,1.0,1.0,0.8,0.8,False,0.0,1
2023-24,11,Bournemouth,Man City,1.0,6.0,0.8,4.800000000000001,False,-5.0,1
2023-24,11,Man City,Bournemouth,6.0,1.0,4.800000000000001,0.8,True,5.0,1
2023-24,11,Newcastle,Arsenal,1.0,0.0,0.8,0.0,True,1.0,5
2023-24,11,Arsenal,Newcastle,0.0,1.0,0.0,0.8,False,-1.0,5
2023-24,11,Nott'm Forest,Aston Villa,2.0,0.0,1.6,0.0,True,2.0,1
2023-24,11,Aston Villa,Nott'm Forest,0.0,2.0,0.0,1.6,False,-2.0,1
2023-24,11,Sheffield Utd,Wolves,2.0,1.0,1.6,0.8,True,1.0,2
2023-24,11,Wolves,Sheffield Utd,1.0,2.0,0.8,1.6,False,-1.0,2
2023-24,11,Chelsea,Spurs,4.0,1.0,3.2,0.8,False,3.0,1
2023-24,11,Spurs,Chelsea,1.0,4.0,0.8,3.2,True,-3.0,1
2023-24,12,Burnley,Arsenal,1.0,3.0,0.8,2.4000000000000004,False,-2.0,1
2023-24,12,Arsenal,Burnley,3.0,1.0,2.4000000000000004,0.8,True,2.0,1
2023-24,12,Aston Villa,Fulham,3.0,1.0,2.4000000000000004,0.8,True,2.0,1
2023-24,12,Fulham,Aston Villa,1.0,3.0,0.8,2.4000000000000004,False,-2.0,1
2023-24,12,Bournemouth,Newcastle,2.0,0.0,1.6,0.0,True,2.0,1
2023-24,12,Newcastle,Bournemouth,0.0,2.0,0.0,1.6,False,-2.0,1
2023-24,12,Brighton,Sheffield Utd,1.0,1.0,0.8,0.8,True,0.0,1
2023-24,12,Sheffield Utd,Brighton,1.0,1.0,0.8,0.8,False,0.0,1
2023-24,12,Man City,Chelsea,4.0,4.0,3.2,3.2,False,0.0,1
2023-24,12,Chelsea,Man City,4.0,4.0,3.2,3.2,True,0.0,1
2023-24,12,Crystal Palace,Everton,2.0,3.0,1.6,2.4000000000000004,True,-1.0,1
2023-24,12,Everton,Crystal Palace,3.0,2.0,2.4000000000000004,1.6,False,1.0,1
2023-24,12,Brentford,Liverpool,0.0,3.0,0.0,2.4000000000000004,False,-3.0,3
2023-24,12,Liverpool,Brentford,3.0,0.0,2.4000000000000004,0.0,True,3.0,3
2023-24,12,Man Utd,Luton,1.0,0.0,0.8,0.0,True,1.0,1
2023-24,12,Luton,Man Utd,0.0,1.0,0.0,0.8,False,-1.0,1
2023-24,12,Nott'm Forest,West Ham,2.0,3.0,1.6,2.4000000000000004,False,-1.0,1
2023-24,12,West Ham,Nott'm Forest,3.0,2.0,2.4000000000000004,1.6,True,1.0,1
2023-24,12,Wolves,Spurs,2.0,1.0,1.6,0.8,True,1.0,4
2023-24,12,Spurs,Wolves,1.0,2.0,0.8,1.6,False,-1.0,4
2023-24,13,Brentford,Arsenal,0.0,1.0,0.0,0.8,True,-1.0,2
2023-24,13,Arsenal,Brentford,1.0,0.0,0.8,0.0,False,1.0,2
2023-24,13,Burnley,West Ham,1.0,2.0,0.8,1.6,True,-1.0,1
2023-24,13,West Ham,Burnley,2.0,1.0,1.6,0.8,False,1.0,1
2023-24,13,Man Utd,Everton,3.0,0.0,2.4000000000000004,0.0,False,3.0,1
2023-24,13,Everton,Man Utd,0.0,3.0,0.0,2.4000000000000004,True,-3.0,1
2023-24,13,Wolves,Fulham,2.0,3.0,1.6,2.4000000000000004,False,-1.0,1
2023-24,13,Fulham,Wolves,3.0,2.0,2.4000000000000004,1.6,True,1.0,1
2023-24,13,Luton,Crystal Palace,2.0,1.0,1.6,0.8,True,1.0,1
2023-24,13,Crystal Palace,Luton,1.0,2.0,0.8,1.6,False,-1.0,1
2023-24,13,Man City,Liverpool,1.0,1.0,0.8,0.8,True,0.0,2
2023-24,13,Liverpool,Man City,1.0,1.0,0.8,0.8,False,0.0,2
2023-24,13,Newcastle,Chelsea,4.0,1.0,3.2,0.8,True,3.0,1
2023-24,13,Chelsea,Newcastle,1.0,4.0,0.8,3.2,False,-3.0,1
2023-24,13,Brighton,Nott'm Forest,3.0,2.0,2.4000000000000004,1.6,False,1.0,1
2023-24,13,Nott'm Forest,Brighton,2.0,3.0,1.6,2.4000000000000004,True,-1.0,1
2023-24,13,Sheffield Utd,Bournemouth,1.0,3.0,0.8,2.4000000000000004,True,-2.0,1
2023-24,13,Bournemouth,Sheffield Utd,3.0,1.0,2.4000000000000004,0.8,False,2.0,1
2023-24,13,Aston Villa,Spurs,2.0,1.0,1.6,0.8,False,1.0,1
2023-24,13,Spurs,Aston Villa,1.0,2.0,0.8,1.6,True,-1.0,1
2023-24,14,Wolves,Arsenal,1.0,2.0,0.8,1.6,False,-1.0,1
2023-24,14,Arsenal,Wolves,2.0,1.0,1.6,0.8,True,1.0,1
2023-24,14,Bournemouth,Aston Villa,2.0,2.0,1.6,1.6,True,0.0,3
2023-24,14,Aston Villa,Bournemouth,2.0,2.0,1.6,1.6,False,0.0,3
2023-24,14,Brentford,Luton,3.0,1.0,2.4000000000000004,0.8,True,2.0,1
2023-24,14,Luton,Brentford,1.0,3.0,0.8,2.4000000000000004,False,-2.0,1
2023-24,14,Sheffield Utd,Burnley,0.0,5.0,0.0,4.0,False,-5.0,2
2023-24,14,Burnley,Sheffield Utd,5.0,0.0,4.0,0.0,True,5.0,2
2023-24,14,Brighton,Chelsea,2.0,3.0,1.6,2.4000000000000004,False,-1.0,1
2023-24,14,Chelsea,Brighton,3.0,2.0,2.4000000000000004,1.6,True,1.0,1
2023-24,14,Liverpool,Fulham,4.0,3.0,3.2,2.4000000000000004,True,1.0,2
2023-24,14,Fulham,Liverpool,3.0,4.0,2.4000000000000004,3.2,False,-1.0,2
2023-24,14,Man City,Spurs,3.0,3.0,2.4000000000000004,2.4000000000000004,True,0.0,1
2023-24,14,Spurs,Man City,3.0,3.0,2.4000000000000004,2.4000000000000004,False,0.0,1
2023-24,14,Man Utd,Newcastle,0.0,1.0,0.0,0.8,False,-1.0,5
2023-24,14,Newcastle,Man Utd,1.0,0.0,0.8,0.0,True,1.0,5
2023-24,14,Nott'm Forest,Everton,0.0,1.0,0.0,0.8,True,-1.0,2
2023-24,14,Everton,Nott'm Forest,1.0,0.0,0.8,0.0,False,1.0,2
2023-24,14,Crystal Palace,West Ham,1.0,1.0,0.8,0.8,False,0.0,4
2023-24,14,West Ham,Crystal Palace,1.0,1.0,0.8,0.8,True,0.0,4
2023-24,15,Man City,Aston Villa,0.0,1.0,0.0,0.8,False,-1.0,2
2023-24,15,Aston Villa,Man City,1.0,0.0,0.8,0.0,True,1.0,2
2023-24,15,Brighton,Brentford,2.0,1.0,1.6,0.8,True,1.0,1
2023-24,15,Brentford,Brighton,1.0,2.0,0.8,1.6,False,-1.0,1
2023-24,15,Bournemouth,Crystal Palace,2.0,0.0,1.6,0.0,False,2.0,1
2023-24,15,Crystal Palace,Bournemouth,0.0,2.0,0.0,1.6,True,-2.0,1
2023-24,15,Newcastle,Everton,0.0,3.0,0.0,2.4000000000000004,False,-3.0,1
2023-24,15,Everton,Newcastle,3.0,0.0,2.4000000000000004,0.0,True,3.0,1
2023-24,15,Nott'm Forest,Fulham,0.0,5.0,0.0,4.0,False,-5.0,2
2023-24,15,Fulham,Nott'm Forest,5.0,0.0,4.0,0.0,True,5.0,2
2023-24,15,Luton,Arsenal,3.0,4.0,2.4000000000000004,3.2,True,-1.0,1
2023-24,15,Arsenal,Luton,4.0,3.0,3.2,2.4000000000000004,False,1.0,1
2023-24,15,Sheffield Utd,Liverpool,0.0,2.0,0.0,1.6,True,-2.0,3
2023-24,15,Liverpool,Sheffield Utd,2.0,0.0,1.6,0.0,False,2.0,3
2023-24,15,West Ham,Spurs,2.0,1.0,1.6,0.8,False,1.0,1
2023-24,15,Spurs,West Ham,1.0,2.0,0.8,1.6,True,-1.0,1
2023-24,15,Wolves,Burnley,1.0,0.0,0.8,0.0,True,1.0,1
2023-24,15,Burnley,Wolves,0.0,1.0,0.0,0.8,False,-1.0,1
2023-24,15,Man Utd,Chelsea,2.0,1.0,1.6,0.8,True,1.0,1
2023-24,15,Chelsea,Man Utd,1.0,2.0,0.8,1.6,False,-1.0,1
2023-24,16,Aston Villa,Arsenal,1.0,0.0,0.8,0.0,True,1.0,1
2023-24,16,Arsenal,Aston Villa,0.0,1.0,0.0,0.8,False,-1.0,1
2023-24,16,Brighton,Burnley,1.0,1.0,0.8,0.8,True,0.0,1
2023-24,16,Burnley,Brighton,1.0,1.0,0.8,0.8,False,0.0,1
2023-24,16,Liverpool,Crystal Palace,2.0,1.0,1.6,0.8,False,1.0,2
2023-24,16,Crystal Palace,Liverpool,1.0,2.0,0.8,1.6,True,-1.0,2
2023-24,16,Chelsea,Everton,0.0,2.0,0.0,1.6,False,-2.0,1
2023-24,16,Everton,Chelsea,2.0,0.0,1.6,0.0,True,2.0,1
2023-24,16,West Ham,Fulham,0.0,5.0,0.0,4.0,False,-5.0,1
2023-24,16,Fulham,West Ham,5.0,0.0,4.0,0.0,True,5.0,1
2023-24,16,Man City,Luton,2.0,1.0,1.6,0.8,False,1.0,1
2023-24,16,Luton,Man City,1.0,2.0,0.8,1.6,True,-1.0,1
2023-24,16,Man Utd,Bournemouth,0.0,3.0,0.0,2.4000000000000004,True,-3.0,2
2023-24,16,Bournemouth,Man Utd,3.0,0.0,2.4000000000000004,0.0,False,3.0,2
2023-24,16,Sheffield Utd,Brentford,1.0,0.0,0.8,0.0,True,1.0,3
2023-24,16,Brentford,Sheffield Utd,0.0,1.0,0.0,0.8,False,-1.0,3
2023-24,16,Newcastle,Spurs,1.0,4.0,0.8,3.2,False,-3.0,1
2023-24,16,Spurs,Newcastle,4.0,1.0,3.2,0.8,True,3.0,1
2023-24,16,Nott'm Forest,Wolves,1.0,1.0,0.8,0.8,False,0.0,3
2023-24,16,Wolves,Nott'm Forest,1.0,1.0,0.8,0.8,True,0.0,3
2023-24,17,Brighton,Arsenal,0.0,2.0,0.0,1.6,False,-2.0,2
2023-24,17,Arsenal,Brighton,2.0,0.0,1.6,0.0,True,2.0,2
2023-24,17,Brentford,Aston Villa,1.0,2.0,0.8,1.6,True,-1.0,1
2023-24,17,Aston Villa,Brentford,2.0,1.0,1.6,0.8,False,1.0,1
2023-24,17,Burnley,Everton,0.0,2.0,0.0,1.6,True,-2.0,1
2023-24,17,Everton,Burnley,2.0,0.0,1.6,0.0,False,2.0,1
2023-24,17,Sheffield Utd,Chelsea,0.0,2.0,0.0,1.6,False,-2.0,1
2023-24,17,Chelsea,Sheffield Utd,2.0,0.0,1.6,0.0,True,2.0,1
2023-24,17,Man Utd,Liverpool,0.0,0.0,0.0,0.0,False,0.0,3
2023-24,17,Liverpool,Man Utd,0.0,0.0,0.0,0.0,True,0.0,3
2023-24,17,Man City,Crystal Palace,2.0,2.0,1.6,1.6,True,0.0,1
2023-24,17,Crystal Palace,Man City,2.0,2.0,1.6,1.6,False,0.0,1
2023-24,17,Newcastle,Fulham,3.0,0.0,2.4000000000000004,0.0,True,3.0,1
2023-24,17,Fulham,Newcastle,0.0,3.0,0.0,2.4000000000000004,False,-3.0,1
2023-24,17,Nott'm Forest,Spurs,0.0,2.0,0.0,1.6,True,-2.0,1
2023-24,17,Spurs,Nott'm Forest,2.0,0.0,1.6,0.0,False,2.0,1
2023-24,17,Wolves,West Ham,0.0,3.0,0.0,2.4000000000000004,False,-3.0,2
2023-24,17,West Ham,Wolves,3.0,0.0,2.4000000000000004,0.0,True,3.0,2
2023-24,18,Sheffield Utd,Aston Villa,1.0,1.0,0.8,0.8,False,0.0,1
2023-24,18,Aston Villa,Sheffield Utd,1.0,1.0,0.8,0.8,True,0.0,1
2023-24,18,Brighton,Crystal Palace,1.0,1.0,0.8,0.8,False,0.0,1
2023-24,18,Crystal Palace,Brighton,1.0,1.0,0.8,0.8,True,0.0,1
2023-24,18,Burnley,Fulham,2.0,0.0,1.6,0.0,False,2.0,1
2023-24,18,Fulham,Burnley,0.0,2.0,0.0,1.6,True,-2.0,1
2023-24,18,Liverpool,Arsenal,1.0,1.0,0.8,0.8,True,0.0,3
2023-24,18,Arsenal,Liverpool,1.0,1.0,0.8,0.8,False,0.0,3
2023-24,18,Newcastle,Luton,0.0,1.0,0.0,0.8,False,-1.0,3
2023-24,18,Luton,Newcastle,1.0,0.0,0.8,0.0,True,1.0,3
2023-24,18,Nott'm Forest,Bournemouth,2.0,3.0,1.6,2.4000000000000004,True,-1.0,2
2023-24,18,Bournemouth,Nott'm Forest,3.0,2.0,2.4000000000000004,1.6,False,1.0,2
2023-24,18,Spurs,Everton,2.0,1.0,1.6,0.8,True,1.0,3
2023-24,18,Everton,Spurs,1.0,2.0,0.8,1.6,False,-1.0,3
2023-24,18,Man Utd,West Ham,0.0,2.0,0.0,1.6,False,-2.0,2
2023-24,18,West Ham,Man Utd,2.0,0.0,1.6,0.0,True,2.0,2
2023-24,18,Wolves,Chelsea,2.0,1.0,1.6,0.8,True,1.0,3
2023-24,18,Chelsea,Wolves,1.0,2.0,0.8,1.6,False,-1.0,3
2023-24,19,Arsenal,West Ham,0.0,2.0,0.0,1.6,True,-2.0,3
2023-24,19,West Ham,Arsenal,2.0,0.0,1.6,0.0,False,2.0,3
2023-24,19,Bournemouth,Fulham,3.0,0.0,2.4000000000000004,0.0,True,3.0,1
2023-24,19,Fulham,Bournemouth,0.0,3.0,0.0,2.4000000000000004,False,-3.0,1
2023-24,19,Brentford,Wolves,1.0,4.0,0.8,3.2,True,-3.0,2
2023-24,19,Wolves,Brentford,4.0,1.0,3.2,0.8,False,3.0,2
2023-24,19,Brighton,Spurs,4.0,2.0,3.2,1.6,True,2.0,3
2023-24,19,Spurs,Brighton,2.0,4.0,1.6,3.2,False,-2.0,3
2023-24,19,Liverpool,Burnley,2.0,0.0,1.6,0.0,False,2.0,2
2023-24,19,Burnley,Liverpool,0.0,2.0,0.0,1.6,True,-2.0,2
2023-24,19,Chelsea,Crystal Palace,2.0,1.0,1.6,0.8,True,1.0,1
2023-24,19,Crystal Palace,Chelsea,1.0,2.0,0.8,1.6,False,-1.0,1
2023-24,19,Man City,Everton,3.0,1.0,2.4000000000000004,0.8,False,2.0,1
2023-24,19,Everton,Man City,1.0,3.0,0.8,2.4000000000000004,True,-2.0,1
2023-24,19,Man Utd,Aston Villa,3.0,2.0,2.4000000000000004,1.6,True,1.0,1
2023-24,19,Aston Villa,Man Utd,2.0,3.0,1.6,2.4000000000000004,False,-1.0,1
2023-24,19,Nott'm Forest,Newcastle,3.0,1.0,2.4000000000000004,0.8,False,2.0,1
2023-24,19,Newcastle,Nott'm Forest,1.0,3.0,0.8,2.4000000000000004,True,-2.0,1
2023-24,19,Sheffield Utd,Luton,2.0,3.0,1.6,2.4000000000000004,True,-1.0,1
2023-24,19,Luton,Sheffield Utd,3.0,2.0,2.4000000000000004,1.6,False,1.0,1
2023-24,20,Aston Villa,Burnley,3.0,2.0,2.4000000000000004,1.6,True,1.0,3
2023-24,20,Burnley,Aston Villa,2.0,3.0,1.6,2.4000000000000004,False,-1.0,3
2023-24,20,Brentford,Crystal Palace,1.0,3.0,0.8,2.4000000000000004,False,-2.0,3
2023-24,20,Crystal Palace,Brentford,3.0,1.0,2.4000000000000004,0.8,True,2.0,3
2023-24,20,Arsenal,Fulham,1.0,2.0,0.8,1.6,False,-1.0,1
2023-24,20,Fulham,Arsenal,2.0,1.0,1.6,0.8,True,1.0,1
2023-24,20,Newcastle,Liverpool,2.0,4.0,1.6,3.2,False,-2.0,1
2023-24,20,Liverpool,Newcastle,4.0,2.0,3.2,1.6,True,2.0,1
2023-24,20,Luton,Chelsea,2.0,3.0,1.6,2.4000000000000004,True,-1.0,3
2023-24,20,Chelsea,Luton,3.0,2.0,2.4000000000000004,1.6,False,1.0,3
2023-24,20,Sheffield Utd,Man City,0.0,2.0,0.0,1.6,False,-2.0,1
2023-24,20,Man City,Sheffield Utd,2.0,0.0,1.6,0.0,True,2.0,1
2023-24,20,Man Utd,Nott'm Forest,1.0,2.0,0.8,1.6,False,-1.0,1
2023-24,20,Nott'm Forest,Man Utd,2.0,1.0,1.6,0.8,True,1.0,1
2023-24,20,Bournemouth,Spurs,1.0,3.0,0.8,2.4000000000000004,False,-2.0,2
2023-24,20,Spurs,Bournemouth,3.0,1.0,2.4000000000000004,0.8,True,2.0,2
2023-24,20,Brighton,West Ham,0.0,0.0,0.0,0.0,False,0.0,1
2023-24,20,West Ham,Brighton,0.0,0.0,0.0,0.0,True,0.0,1
2023-24,20,Wolves,Everton,3.0,0.0,2.4000000000000004,0.0,True,3.0,2
2023-24,20,Everton,Wolves,0.0,3.0,0.0,2.4000000000000004,False,-3.0,2
2023-24,21,Arsenal,Crystal Palace,5.0,0.0,4.0,0.0,True,5.0,2
2023-24,21,Crystal Palace,Arsenal,0.0,5.0,0.0,4.0,False,-5.0,2
2023-24,21,Bournemouth,Liverpool,0.0,4.0,0.0,3.2,True,-4.0,2
2023-24,21,Liverpool,Bournemouth,4.0,0.0,3.2,0.0,False,4.0,2
2023-24,21,Nott'm Forest,Brentford,2.0,3.0,1.6,2.4000000000000004,False,-1.0,1
2023-24,21,Brentford,Nott'm Forest,3.0,2.0,2.4000000000000004,1.6,True,1.0,1
2023-24,21,Brighton,Wolves,0.0,0.0,0.0,0.0,True,0.0,4
2023-24,21,Wolves,Brighton,0.0,0.0,0.0,0.0,False,0.0,4
2023-24,21,Luton,Burnley,1.0,1.0,0.8,0.8,False,0.0,2
2023-24,21,Burnley,Luton,1.0,1.0,0.8,0.8,True,0.0,2
2023-24,21,Chelsea,Fulham,1.0,0.0,0.8,0.0,True,1.0,3
2023-24,21,Fulham,Chelsea,0.0,1.0,0.0,0.8,False,-1.0,3
2023-24,21,Aston Villa,Everton,0.0,0.0,0.0,0.0,False,0.0,1
2023-24,21,Everton,Aston Villa,0.0,0.0,0.0,0.0,True,0.0,1
2023-24,21,Man Utd,Spurs,2.0,2.0,1.6,1.6,True,0.0,2
2023-24,21,Spurs,Man Utd,2.0,2.0,1.6,1.6,False,0.0,2
2023-24,21,Man City,Newcastle,3.0,2.0,2.4000000000000004,1.6,False,1.0,4
2023-24,21,Newcastle,Man City,2.0,3.0,1.6,2.4000000000000004,True,-1.0,4
2023-24,21,Sheffield Utd,West Ham,2.0,2.0,1.6,1.6,True,0.0,4
2023-24,21,West Ham,Sheffield Utd,2.0,2.0,1.6,1.6,False,0.0,4
2023-24,22,Newcastle,Aston Villa,3.0,1.0,2.4000000000000004,0.8,False,2.0,1
2023-24,22,Aston Villa,Newcastle,1.0,3.0,0.8,2.4000000000000004,True,-2.0,1
2023-24,22,Sheffield Utd,Crystal Palace,2.0,3.0,1.6,2.4000000000000004,False,-1.0,3
2023-24,22,Crystal Palace,Sheffield Utd,3.0,2.0,2.4000000000000004,1.6,True,1.0,3
2023-24,22,Everton,Fulham,0.0,0.0,0.0,0.0,False,0.0,1
2023-24,22,Fulham,Everton,0.0,0.0,0.0,0.0,True,0.0,1
2023-24,22,Brighton,Luton,0.0,4.0,0.0,3.2,False,-4.0,1
2023-24,22,Luton,Brighton,4.0,0.0,3.2,0.0,True,4.0,1
2023-24,22,Nott'm Forest,Arsenal,1.0,2.0,0.8,1.6,True,-1.0,2
2023-24,22,Arsenal,Nott'm Forest,2.0,1.0,1.6,0.8,False,1.0,2
2023-24,22,Brentford,Spurs,2.0,3.0,1.6,2.4000000000000004,False,-1.0,1
2023-24,22,Spurs,Brentford,3.0,2.0,2.4000000000000004,1.6,True,1.0,1
2023-24,22,Bournemouth,West Ham,1.0,1.0,0.8,0.8,False,0.0,1
2023-24,22,West Ham,Bournemouth,1.0,1.0,0.8,0.8,True,0.0,1
2023-24,22,Man Utd,Wolves,4.0,3.0,3.2,2.4000000000000004,False,1.0,1
2023-24,22,Wolves,Man Utd,3.0,4.0,2.4000000000000004,3.2,True,-1.0,1
2023-24,22,Liverpool,Chelsea,4.0,1.0,3.2,0.8,True,3.0,2
2023-24,22,Chelsea,Liverpool,1.0,4.0,0.8,3.2,False,-3.0,2
2023-24,22,Man City,Burnley,3.0,1.0,2.4000000000000004,0.8,True,2.0,3
2023-24,22,Burnley,Man City,1.0,3.0,0.8,2.4000000000000004,False,-2.0,3
2023-24,23,Liverpool,Arsenal,1.0,3.0,0.8,2.4000000000000004,False,-2.0,1
2023-24,23,Arsenal,Liverpool,3.0,1.0,2.4000000000000004,0.8,True,2.0,1
2023-24,23,Nott'm Forest,Bournemouth,1.0,1.0,0.8,0.8,False,0.0,2
2023-24,23,Bournemouth,Nott'm Forest,1.0,1.0,0.8,0.8,True,0.0,2
2023-24,23,Brentford,Man City,1.0,3.0,0.8,2.4000000000000004,True,-2.0,1
2023-24,23,Man City,Brentford,3.0,1.0,2.4000000000000004,0.8,False,2.0,1
2023-24,23,Brighton,Crystal Palace,4.0,1.0,3.2,0.8,True,3.0,2
2023-24,23,Crystal Palace,Brighton,1.0,4.0,0.8,3.2,False,-3.0,2
2023-24,23,Burnley,Fulham,2.0,2.0,1.6,1.6,True,0.0,1
2023-24,23,Fulham,Burnley,2.0,2.0,1.6,1.6,False,0.0,1
2023-24,23,Wolves,Chelsea,4.0,2.0,3.2,1.6,False,2.0,1
2023-24,23,Chelsea,Wolves,2.0,4.0,1.6,3.2,True,-2.0,1
2023-24,23,Spurs,Everton,2.0,2.0,1.6,1.6,False,0.0,1
2023-24,23,Everton,Spurs,2.0,2.0,1.6,1.6,True,0.0,1
2023-24,23,Man Utd,West Ham,3.0,0.0,2.4000000000000004,0.0,True,3.0,1
2023-24,23,West Ham,Man Utd,0.0,3.0,0.0,2.4000000000000004,False,-3.0,1
2023-24,23,Newcastle,Luton,4.0,4.0,3.2,3.2,True,0.0,4
2023-24,23,Luton,Newcastle,4.0,4.0,3.2,3.2,False,0.0,4
2023-24,23,Sheffield Utd,Aston Villa,0.0,5.0,0.0,4.0,True,-5.0,1
2023-24,23,Aston Villa,Sheffield Utd,5.0,0.0,4.0,0.0,False,5.0,1
2023-24,24,Man Utd,Aston Villa,2.0,1.0,1.6,0.8,False,1.0,1
2023-24,24,Aston Villa,Man Utd,1.0,2.0,0.8,1.6,True,-1.0,1
2023-24,24,Chelsea,Crystal Palace,3.0,1.0,2.4000000000000004,0.8,False,2.0,1
2023-24,24,Crystal Palace,Chelsea,1.0,3.0,0.8,2.4000000000000004,True,-2.0,1
2023-24,24,Bournemouth,Fulham,1.0,3.0,0.8,2.4000000000000004,False,-2.0,2
2023-24,24,Fulham,Bournemouth,3.0,1.0,2.4000000000000004,0.8,True,2.0,2
2023-24,24,Liverpool,Burnley,3.0,1.0,2.4000000000000004,0.8,True,2.0,4
2023-24,24,Burnley,Liverpool,1.0,3.0,0.8,2.4000000000000004,False,-2.0,4
2023-24,24,Sheffield Utd,Luton,3.0,1.0,2.4000000000000004,0.8,False,2.0,3
2023-24,24,Luton,Sheffield Utd,1.0,3.0,0.8,2.4000000000000004,True,-2.0,3
2023-24,24,Man City,Everton,2.0,0.0,1.6,0.0,True,2.0,2
2023-24,24,Everton,Man City,0.0,2.0,0.0,1.6,False,-2.0,2
2023-24,24,Nott'm Forest,Newcastle,2.0,3.0,1.6,2.4000000000000004,True,-1.0,3
2023-24,24,Newcastle,Nott'm Forest,3.0,2.0,2.4000000000000004,1.6,False,1.0,3
2023-24,24,Brighton,Spurs,1.0,2.0,0.8,1.6,False,-1.0,1
2023-24,24,Spurs,Brighton,2.0,1.0,1.6,0.8,True,1.0,1
2023-24,24,West Ham,Arsenal,0.0,6.0,0.0,4.800000000000001,True,-6.0,2
2023-24,24,Arsenal,West Ham,6.0,0.0,4.800000000000001,0.0,False,6.0,2
2023-24,24,Brentford,Wolves,2.0,0.0,1.6,0.0,False,2.0,1
2023-24,24,Wolves,Brentford,0.0,2.0,0.0,1.6,True,-2.0,1
2023-24,25,Brentford,Man City,0.0,1.0,0.0,0.8,False,-1.0,1
2023-24,25,Man City,Brentford,1.0,0.0,0.8,0.0,True,1.0,1
2023-24,25,Brentford,Liverpool,1.0,4.0,0.8,3.2,True,-3.0,1
2023-24,25,Liverpool,Brentford,4.0,1.0,3.2,0.8,False,3.0,1
2023-24,25,Burnley,Arsenal,0.0,5.0,0.0,4.0,True,-5.0,2
2023-24,25,Arsenal,Burnley,5.0,0.0,4.0,0.0,False,5.0,2
2023-24,25,Crystal Palace,Everton,1.0,1.0,0.8,0.8,False,0.0,2
2023-24,25,Everton,Crystal Palace,1.0,1.0,0.8,0.8,True,0.0,2
2023-24,25,Aston Villa,Fulham,2.0,1.0,1.6,0.8,False,1.0,1
2023-24,25,Fulham,Aston Villa,1.0,2.0,0.8,1.6,True,-1.0,1
2023-24,25,Man Utd,Luton,2.0,1.0,1.6,0.8,False,1.0,2
2023-24,25,Luton,Man Utd,1.0,2.0,0.8,1.6,True,-1.0,2
2023-24,25,Man City,Chelsea,1.0,1.0,0.8,0.8,True,0.0,2
2023-24,25,Chelsea,Man City,1.0,1.0,0.8,0.8,False,0.0,2
2023-24,25,Bournemouth,Newcastle,2.0,2.0,1.6,1.6,False,0.0,1
2023-24,25,Newcastle,Bournemouth,2.0,2.0,1.6,1.6,True,0.0,1
2023-24,25,Nott'm Forest,West Ham,2.0,0.0,1.6,0.0,True,2.0,1
2023-24,25,West Ham,Nott'm Forest,0.0,2.0,0.0,1.6,False,-2.0,1
2023-24,25,Brighton,Sheffield Utd,5.0,0.0,4.0,0.0,False,5.0,4
2023-24,25,Sheffield Utd,Brighton,0.0,5.0,0.0,4.0,True,-5.0,4
2023-24,25,Wolves,Spurs,2.0,1.0,1.6,0.8,False,1.0,2
2023-24,25,Spurs,Wolves,1.0,2.0,0.8,1.6,True,-1.0,2
2023-24,25,Luton,Liverpool,1.0,4.0,0.8,3.2,False,-3.0,1
2023-24,25,Liverpool,Luton,4.0,1.0,3.2,0.8,True,3.0,1
2023-24,26,Newcastle,Arsenal,1.0,4.0,0.8,3.2,False,-3.0,2
2023-24,26,Arsenal,Newcastle,4.0,1.0,3.2,0.8,True,3.0,2
2023-24,26,Nott'm Forest,Aston Villa,2.0,4.0,1.6,3.2,False,-2.0,1
2023-24,26,Aston Villa,Nott'm Forest,4.0,2.0,3.2,1.6,True,2.0,1
2023-24,26,Bournemouth,Man City,0.0,1.0,0.0,0.8,True,-1.0,2
2023-24,26,Man City,Bournemouth,1.0,0.0,0.8,0.0,False,1.0,2
2023-24,26,Brighton,Everton,1.0,1.0,0.8,0.8,True,0.0,1
2023-24,26,Everton,Brighton,1.0,1.0,0.8,0.8,False,0.0,1
2023-24,26,Burnley,Crystal Palace,0.0,3.0,0.0,2.4000000000000004,False,-3.0,2
2023-24,26,Crystal Palace,Burnley,3.0,0.0,2.4000000000000004,0.0,True,3.0,2
2023-24,26,Man Utd,Fulham,1.0,2.0,0.8,1.6,True,-1.0,4
2023-24,26,Fulham,Man Utd,2.0,1.0,1.6,0.8,False,1.0,4
2023-24,26,Brentford,West Ham,2.0,4.0,1.6,3.2,False,-2.0,1
2023-24,26,West Ham,Brentford,4.0,2.0,3.2,1.6,True,2.0,1
2023-24,26,Sheffield Utd,Wolves,0.0,1.0,0.0,0.8,False,-1.0,1
2023-24,26,Wolves,Sheffield Utd,1.0,0.0,0.8,0.0,True,1.0,1
2023-24,27,Brentford,Chelsea,2.0,2.0,1.6,1.6,True,0.0,2
2023-24,27,Chelsea,Brentford,2.0,2.0,1.6,1.6,False,0.0,2
2023-24,27,Bournemouth,Burnley,2.0,0.0,1.6,0.0,False,2.0,2
2023-24,27,Burnley,Bournemouth,0.0,2.0,0.0,1.6,True,-2.0,2
2023-24,27,West Ham,Everton,3.0,1.0,2.4000000000000004,0.8,False,2.0,1
2023-24,27,Everton,West Ham,1.0,3.0,0.8,2.4000000000000004,True,-2.0,1
2023-24,27,Brighton,Fulham,0.0,3.0,0.0,2.4000000000000004,False,-3.0,2
2023-24,27,Fulham,Brighton,3.0,0.0,2.4000000000000004,0.0,True,3.0,2
2023-24,27,Luton,Aston Villa,2.0,3.0,1.6,2.4000000000000004,True,-1.0,2
2023-24,27,Aston Villa,Luton,3.0,2.0,2.4000000000000004,1.6,False,1.0,2
2023-24,27,Man Utd,Man City,1.0,3.0,0.8,2.4000000000000004,False,-2.0,1
2023-24,27,Man City,Man Utd,3.0,1.0,2.4000000000000004,0.8,True,2.0,1
2023-24,27,Newcastle,Wolves,3.0,0.0,2.4000000000000004,0.0,True,3.0,1
2023-24,27,Wolves,Newcastle,0.0,3.0,0.0,2.4000000000000004,False,-3.0,1
2023-24,27,Nott'm Forest,Liverpool,0.0,1.0,0.0,0.8,True,-1.0,1
2023-24,27,Liverpool,Nott'm Forest,1.0,0.0,0.8,0.0,False,1.0,1
2023-24,27,Sheffield Utd,Arsenal,0.0,6.0,0.0,4.800000000000001,True,-6.0,2
2023-24,27,Arsenal,Sheffield Utd,6.0,0.0,4.800000000000001,0.0,False,6.0,2
2023-24,27,Crystal Palace,Spurs,1.0,3.0,0.8,2.4000000000000004,False,-2.0,1
2023-24,27,Spurs,Crystal Palace,3.0,1.0,2.4000000000000004,0.8,True,2.0,1
2023-24,28,Bournemouth,Luton,4.0,3.0,3.2,2.4000000000000004,True,1.0,1
2023-24,28,Luton,Bournemouth,3.0,4.0,2.4000000000000004,3.2,False,-1.0,1
2023-24,28,Brentford,Arsenal,1.0,2.0,0.8,1.6,False,-1.0,1
2023-24,28,Arsenal,Brentford,2.0,1.0,1.6,0.8,True,1.0,1
2023-24,28,Aston Villa,Spurs,0.0,4.0,0.0,3.2,True,-4.0,3
2023-24,28,Spurs,Aston Villa,4.0,0.0,3.2,0.0,False,4.0,3
2023-24,28,Sheffield Utd,Bournemouth,2.0,2.0,1.6,1.6,False,0.0,1
2023-24,28,Bournemouth,Sheffield Utd,2.0,2.0,1.6,1.6,True,0.0,1
2023-24,28,Brighton,Nott'm Forest,1.0,0.0,0.8,0.0,True,1.0,1
2023-24,28,Nott'm Forest,Brighton,0.0,1.0,0.0,0.8,False,-1.0,1
2023-24,28,Newcastle,Chelsea,2.0,3.0,1.6,2.4000000000000004,False,-1.0,2
2023-24,28,Chelsea,Newcastle,3.0,2.0,2.4000000000000004,1.6,True,1.0,2
2023-24,28,Luton,Crystal Palace,1.0,1.0,0.8,0.8,False,0.0,1
2023-24,28,Crystal Palace,Luton,1.0,1.0,0.8,0.8,True,0.0,1
2023-24,28,Man City,Liverpool,1.0,1.0,0.8,0.8,False,0.0,4
2023-24,28,Liverpool,Man City,1.0,1.0,0.8,0.8,True,0.0,4
2023-24,28,Man Utd,Everton,2.0,0.0,1.6,0.0,True,2.0,1
2023-24,28,Everton,Man Utd,0.0,2.0,0.0,1.6,False,-2.0,1
2023-24,28,West Ham,Burnley,2.0,2.0,1.6,1.6,True,0.0,2
2023-24,28,Burnley,West Ham,2.0,2.0,1.6,1.6,False,0.0,2
2023-24,28,Wolves,Fulham,2.0,1.0,1.6,0.8,True,1.0,1
2023-24,28,Fulham,Wolves,1.0,2.0,0.8,1.6,False,-1.0,1
2023-24,29,Brentford,Burnley,1.0,2.0,0.8,1.6,False,-1.0,1
2023-24,29,Burnley,Brentford,2.0,1.0,1.6,0.8,True,1.0,1
2023-24,29,Spurs,Fulham,0.0,3.0,0.0,2.4000000000000004,False,-3.0,1
2023-24,29,Fulham,Spurs,3.0,0.0,2.4000000000000004,0.0,True,3.0,1
2023-24,29,Nott'm Forest,Luton,1.0,1.0,0.8,0.8,False,0.0,2
2023-24,29,Luton,Nott'm Forest,1.0,1.0,0.8,0.8,True,0.0,2
2023-24,29,Aston Villa,West Ham,1.0,1.0,0.8,0.8,False,0.0,1
2023-24,29,West Ham,Aston Villa,1.0,1.0,0.8,0.8,True,0.0,1
2023-24,30,Wolves,Aston Villa,0.0,2.0,0.0,1.6,False,-2.0,1
2023-24,30,Aston Villa,Wolves,2.0,0.0,1.6,0.0,True,2.0,1
2023-24,30,Bournemouth,Everton,2.0,1.0,1.6,0.8,True,1.0,2
2023-24,30,Everton,Bournemouth,1.0,2.0,0.8,1.6,False,-1.0,2
2023-24,30,Man Utd,Brentford,1.0,1.0,0.8,0.8,False,0.0,1
2023-24,30,Brentford,Man Utd,1.0,1.0,0.8,0.8,True,0.0,1
2023-24,30,Chelsea,Burnley,2.0,2.0,1.6,1.6,True,0.0,1
2023-24,30,Burnley,Chelsea,2.0,2.0,1.6,1.6,False,0.0,1
2023-24,30,Brighton,Liverpool,1.0,2.0,0.8,1.6,False,-1.0,2
2023-24,30,Liverpool,Brighton,2.0,1.0,1.6,0.8,True,1.0,2
2023-24,30,Man City,Arsenal,0.0,0.0,0.0,0.0,True,0.0,2
2023-24,30,Arsenal,Man City,0.0,0.0,0.0,0.0,False,0.0,2
2023-24,30,Newcastle,West Ham,4.0,3.0,3.2,2.4000000000000004,True,1.0,1
2023-24,30,West Ham,Newcastle,3.0,4.0,2.4000000000000004,3.2,False,-1.0,1
2023-24,30,Nott'm Forest,Crystal Palace,1.0,1.0,0.8,0.8,True,0.0,1
2023-24,30,Crystal Palace,Nott'm Forest,1.0,1.0,0.8,0.8,False,0.0,1
2023-24,30,Sheffield Utd,Fulham,3.0,3.0,2.4000000000000004,2.4000000000000004,True,0.0,1
2023-24,30,Fulham,Sheffield Utd,3.0,3.0,2.4000000000000004,2.4000000000000004,False,0.0,1
2023-24,30,Luton,Spurs,1.0,2.0,0.8,1.6,False,-1.0,1
2023-24,30,Spurs,Luton,2.0,1.0,1.6,0.8,True,1.0,1
2023-24,31,Luton,Arsenal,0.0,2.0,0.0,1.6,False,-2.0,3
2023-24,31,Arsenal,Luton,2.0,0.0,1.6,0.0,True,2.0,3
2023-24,31,Bournemouth,Crystal Palace,1.0,0.0,0.8,0.0,True,1.0,1
2023-24,31,Crystal Palace,Bournemouth,0.0,1.0,0.0,0.8,False,-1.0,1
2023-24,31,Brighton,Brentford,0.0,0.0,0.0,0.0,False,0.0,2
2023-24,31,Brentford,Brighton,0.0,0.0,0.0,0.0,True,0.0,2
2023-24,31,Wolves,Burnley,1.0,1.0,0.8,0.8,False,0.0,2
2023-24,31,Burnley,Wolves,1.0,1.0,0.8,0.8,True,0.0,2
2023-24,31,Nott'm Forest,Fulham,3.0,1.0,2.4000000000000004,0.8,True,2.0,1
2023-24,31,Fulham,Nott'm Forest,1.0,3.0,0.8,2.4000000000000004,False,-2.0,1
2023-24,31,West Ham,Spurs,1.0,1.0,0.8,0.8,True,0.0,2
2023-24,31,Spurs,West Ham,1.0,1.0,0.8,0.8,False,0.0,2
2023-24,31,Man Utd,Chelsea,3.0,4.0,2.4000000000000004,3.2,False,-1.0,2
2023-24,31,Chelsea,Man Utd,4.0,3.0,3.2,2.4000000000000004,True,1.0,2
2023-24,31,Sheffield Utd,Liverpool,1.0,3.0,0.8,2.4000000000000004,False,-2.0,1
2023-24,31,Liverpool,Sheffield Utd,3.0,1.0,2.4000000000000004,0.8,True,2.0,1
2023-24,31,Man City,Aston Villa,4.0,1.0,3.2,0.8,True,3.0,1
2023-24,31,Aston Villa,Man City,1.0,4.0,0.8,3.2,False,-3.0,1
2023-24,31,Newcastle,Everton,1.0,1.0,0.8,0.8,True,0.0,2
2023-24,31,Everton,Newcastle,1.0,1.0,0.8,0.8,False,0.0,2
2023-24,32,Brentford,Aston Villa,3.0,3.0,2.4000000000000004,2.4000000000000004,False,0.0,2
2023-24,32,Aston Villa,Brentford,3.0,3.0,2.4000000000000004,2.4000000000000004,True,0.0,2
2023-24,32,Brighton,Arsenal,0.0,3.0,0.0,2.4000000000000004,True,-3.0,3
2023-24,32,Arsenal,Brighton,3.0,0.0,2.4000000000000004,0.0,False,3.0,3
2023-24,32,Man City,Crystal Palace,4.0,2.0,3.2,1.6,False,2.0,2
2023-24,32,Crystal Palace,Man City,2.0,4.0,1.6,3.2,True,-2.0,2
2023-24,32,Burnley,Everton,0.0,1.0,0.0,0.8,False,-1.0,2
2023-24,32,Everton,Burnley,1.0,0.0,0.8,0.0,True,1.0,2
2023-24,32,Newcastle,Fulham,1.0,0.0,0.8,0.0,False,1.0,1
2023-24,32,Fulham,Newcastle,0.0,1.0,0.0,0.8,True,-1.0,1
2023-24,32,Bournemouth,Luton,1.0,2.0,0.8,1.6,False,-1.0,1
2023-24,32,Luton,Bournemouth,2.0,1.0,1.6,0.8,True,1.0,1
2023-24,32,Man Utd,Liverpool,2.0,2.0,1.6,1.6,True,0.0,3
2023-24,32,Liverpool,Man Utd,2.0,2.0,1.6,1.6,False,0.0,3
2023-24,32,Sheffield Utd,Chelsea,2.0,2.0,1.6,1.6,True,0.0,4
2023-24,32,Chelsea,Sheffield Utd,2.0,2.0,1.6,1.6,False,0.0,4
2023-24,32,Nott'm Forest,Spurs,1.0,3.0,0.8,2.4000000000000004,False,-2.0,1
2023-24,32,Spurs,Nott'm Forest,3.0,1.0,2.4000000000000004,0.8,True,2.0,1
2023-24,32,Wolves,West Ham,1.0,2.0,0.8,1.6,True,-1.0,1
2023-24,32,West Ham,Wolves,2.0,1.0,1.6,0.8,False,1.0,1
2023-24,33,Aston Villa,Arsenal,2.0,0.0,1.6,0.0,False,2.0,1
2023-24,33,Arsenal,Aston Villa,0.0,2.0,0.0,1.6,True,-2.0,1
2023-24,33,Man Utd,Bournemouth,2.0,2.0,1.6,1.6,False,0.0,2
2023-24,33,Bournemouth,Man Utd,2.0,2.0,1.6,1.6,True,0.0,2
2023-24,33,Sheffield Utd,Brentford,0.0,2.0,0.0,1.6,False,-2.0,2
2023-24,33,Brentford,Sheffield Utd,2.0,0.0,1.6,0.0,True,2.0,2
2023-24,33,Brighton,Burnley,1.0,1.0,0.8,0.8,False,0.0,1
2023-24,33,Burnley,Brighton,1.0,1.0,0.8,0.8,True,0.0,1
2023-24,33,Chelsea,Everton,6.0,0.0,4.800000000000001,0.0,True,6.0,3
2023-24,33,Everton,Chelsea,0.0,6.0,0.0,4.800000000000001,False,-6.0,3
2023-24,33,Liverpool,Crystal Palace,0.0,1.0,0.0,0.8,True,-1.0,2
2023-24,33,Crystal Palace,Liverpool,1.0,0.0,0.8,0.0,False,1.0,2
2023-24,33,Man City,Luton,5.0,1.0,4.0,0.8,True,4.0,1
2023-24,33,Luton,Man City,1.0,5.0,0.8,4.0,False,-4.0,1
2023-24,33,Newcastle,Spurs,4.0,0.0,3.2,0.0,True,4.0,4
2023-24,33,Spurs,Newcastle,0.0,4.0,0.0,3.2,False,-4.0,4
2023-24,33,Nott'm Forest,Wolves,2.0,2.0,1.6,1.6,True,0.0,1
2023-24,33,Wolves,Nott'm Forest,2.0,2.0,1.6,1.6,False,0.0,1
2023-24,33,West Ham,Fulham,0.0,2.0,0.0,1.6,True,-2.0,1
2023-24,33,Fulham,West Ham,2.0,0.0,1.6,0.0,False,2.0,1
2023-24,34,Chelsea,Arsenal,0.0,5.0,0.0,4.0,False,-5.0,1
2023-24,34,Arsenal,Chelsea,5.0,0.0,4.0,0.0,True,5.0,1
2023-24,34,Brighton,Man City,0.0,4.0,0.0,3.2,True,-4.0,1
2023-24,34,Man City,Brighton,4.0,0.0,3.2,0.0,False,4.0,1
2023-24,34,Newcastle,Crystal Palace,0.0,2.0,0.0,1.6,False,-2.0,1
2023-24,34,Crystal Palace,Newcastle,2.0,0.0,1.6,0.0,True,2.0,1
2023-24,34,Liverpool,Everton,0.0,2.0,0.0,1.6,False,-2.0,1
2023-24,34,Everton,Liverpool,2.0,0.0,1.6,0.0,True,2.0,1
2023-24,34,Man Utd,Sheffield Utd,4.0,2.0,3.2,1.6,True,2.0,4
2023-24,34,Sheffield Utd,Man Utd,2.0,4.0,1.6,3.2,False,-2.0,4
2023-24,34,Bournemouth,Wolves,1.0,0.0,0.8,0.0,False,1.0,2
2023-24,34,Wolves,Bournemouth,0.0,1.0,0.0,0.8,True,-1.0,2
2023-24,34,Bournemouth,Aston Villa,1.0,3.0,0.8,2.4000000000000004,False,-2.0,2
2023-24,34,Aston Villa,Bournemouth,3.0,1.0,2.4000000000000004,0.8,True,2.0,2
2023-24,34,West Ham,Crystal Palace,2.0,5.0,1.6,4.0,False,-3.0,2
2023-24,34,Crystal Palace,West Ham,5.0,2.0,4.0,1.6,True,3.0,2
2023-24,34,Nott'm Forest,Everton,0.0,2.0,0.0,1.6,False,-2.0,1
2023-24,34,Everton,Nott'm Forest,2.0,0.0,1.6,0.0,True,2.0,1
2023-24,34,Liverpool,Fulham,3.0,1.0,2.4000000000000004,0.8,False,2.0,2
2023-24,34,Fulham,Liverpool,1.0,3.0,0.8,2.4000000000000004,True,-2.0,2
2023-24,34,Brentford,Luton,5.0,1.0,4.0,0.8,False,4.0,1
2023-24,34,Luton,Brentford,1.0,5.0,0.8,4.0,True,-4.0,1
2023-24,34,Sheffield Utd,Burnley,1.0,4.0,0.8,3.2,True,-3.0,2
2023-24,34,Burnley,Sheffield Utd,4.0,1.0,3.2,0.8,False,3.0,2
2023-24,34,Wolves,Arsenal,0.0,2.0,0.0,1.6,True,-2.0,3
2023-24,34,Arsenal,Wolves,2.0,0.0,1.6,0.0,False,2.0,3
2023-24,35,Chelsea,Spurs,2.0,0.0,1.6,0.0,True,2.0,1
2023-24,35,Spurs,Chelsea,0.0,2.0,0.0,1.6,False,-2.0,1
2023-24,35,Chelsea,Aston Villa,2.0,2.0,1.6,1.6,False,0.0,1
2023-24,35,Aston Villa,Chelsea,2.0,2.0,1.6,1.6,True,0.0,1
2023-24,35,Brighton,Bournemouth,0.0,3.0,0.0,2.4000000000000004,False,-3.0,1
2023-24,35,Bournemouth,Brighton,3.0,0.0,2.4000000000000004,0.0,True,3.0,1
2023-24,35,Brentford,Everton,0.0,1.0,0.0,0.8,False,-1.0,1
2023-24,35,Everton,Brentford,1.0,0.0,0.8,0.0,True,1.0,1
2023-24,35,Crystal Palace,Fulham,1.0,1.0,0.8,0.8,False,0.0,1
2023-24,35,Fulham,Crystal Palace,1.0,1.0,0.8,0.8,True,0.0,1
2023-24,35,Man Utd,Burnley,1.0,1.0,0.8,0.8,True,0.0,2
2023-24,35,Burnley,Man Utd,1.0,1.0,0.8,0.8,False,0.0,2
2023-24,35,Sheffield Utd,Newcastle,1.0,5.0,0.8,4.0,False,-4.0,1
2023-24,35,Newcastle,Sheffield Utd,5.0,1.0,4.0,0.8,True,4.0,1
2023-24,35,Nott'm Forest,Man City,0.0,2.0,0.0,1.6,True,-2.0,1
2023-24,35,Man City,Nott'm Forest,2.0,0.0,1.6,0.0,False,2.0,1
2023-24,35,Arsenal,Spurs,3.0,2.0,2.4000000000000004,1.6,False,1.0,2
2023-24,35,Spurs,Arsenal,2.0,3.0,1.6,2.4000000000000004,True,-1.0,2
2023-24,35,Liverpool,West Ham,2.0,2.0,1.6,1.6,False,0.0,2
2023-24,35,West Ham,Liverpool,2.0,2.0,1.6,1.6,True,0.0,2
2023-24,35,Wolves,Luton,2.0,1.0,1.6,0.8,True,1.0,1
2023-24,35,Luton,Wolves,1.0,2.0,0.8,1.6,False,-1.0,1
2023-24,36,Bournemouth,Arsenal,0.0,3.0,0.0,2.4000000000000004,False,-3.0,1
2023-24,36,Arsenal,Bournemouth,3.0,0.0,2.4000000000000004,0.0,True,3.0,1
2023-24,36,Brentford,Fulham,0.0,0.0,0.0,0.0,True,0.0,3
2023-24,36,Fulham,Brentford,0.0,0.0,0.0,0.0,False,0.0,3
2023-24,36,Brighton,Aston Villa,1.0,0.0,0.8,0.0,True,1.0,2
2023-24,36,Aston Villa,Brighton,0.0,1.0,0.0,0.8,False,-1.0,2
2023-24,36,Newcastle,Burnley,4.0,1.0,3.2,0.8,False,3.0,3
2023-24,36,Burnley,Newcastle,1.0,4.0,0.8,3.2,True,-3.0,3
2023-24,36,Chelsea,West Ham,5.0,0.0,4.0,0.0,True,5.0,1
2023-24,36,West Ham,Chelsea,0.0,5.0,0.0,4.0,False,-5.0,1
2023-24,36,Man Utd,Crystal Palace,0.0,4.0,0.0,3.2,False,-4.0,5
2023-24,36,Crystal Palace,Man Utd,4.0,0.0,3.2,0.0,True,4.0,5
2023-24,36,Liverpool,Spurs,4.0,2.0,3.2,1.6,True,2.0,1
2023-24,36,Spurs,Liverpool,2.0,4.0,1.6,3.2,False,-2.0,1
2023-24,36,Luton,Everton,1.0,1.0,0.8,0.8,True,0.0,1
2023-24,36,Everton,Luton,1.0,1.0,0.8,0.8,False,0.0,1
2023-24,36,Man City,Wolves,5.0,1.0,4.0,0.8,True,4.0,1
2023-24,36,Wolves,Man City,1.0,5.0,0.8,4.0,False,-4.0,1
2023-24,36,Nott'm Forest,Sheffield Utd,3.0,1.0,2.4000000000000004,0.8,False,2.0,1
2023-24,36,Sheffield Utd,Nott'm Forest,1.0,3.0,0.8,2.4000000000000004,True,-2.0,1
2023-24,37,Brighton,Chelsea,1.0,2.0,0.8,1.6,True,-1.0,2
2023-24,37,Chelsea,Brighton,2.0,1.0,1.6,0.8,False,1.0,2
2023-24,37,Man Utd,Newcastle,3.0,2.0,2.4000000000000004,1.6,True,1.0,5
2023-24,37,Newcastle,Man Utd,2.0,3.0,1.6,2.4000000000000004,False,-1.0,5
2023-24,37,Man City,Spurs,2.0,0.0,1.6,0.0,False,2.0,2
2023-24,37,Spurs,Man City,0.0,2.0,0.0,1.6,True,-2.0,2
2023-24,37,Liverpool,Aston Villa,3.0,3.0,2.4000000000000004,2.4000000000000004,False,0.0,1
2023-24,37,Aston Villa,Liverpool,3.0,3.0,2.4000000000000004,2.4000000000000004,True,0.0,1
2023-24,37,Brentford,Bournemouth,2.0,1.0,1.6,0.8,False,1.0,4
2023-24,37,Bournemouth,Brentford,1.0,2.0,0.8,1.6,True,-1.0,4
2023-24,37,Sheffield Utd,Everton,0.0,1.0,0.0,0.8,False,-1.0,1
2023-24,37,Everton,Sheffield Utd,1.0,0.0,0.8,0.0,True,1.0,1
2023-24,37,Man City,Fulham,4.0,0.0,3.2,0.0,False,4.0,1
2023-24,37,Fulham,Man City,0.0,4.0,0.0,3.2,True,-4.0,1
2023-24,37,Man Utd,Arsenal,0.0,1.0,0.0,0.8,True,-1.0,1
2023-24,37,Arsenal,Man Utd,1.0,0.0,0.8,0.0,False,1.0,1
2023-24,37,Brighton,Newcastle,1.0,1.0,0.8,0.8,False,0.0,3
2023-24,37,Newcastle,Brighton,1.0,1.0,0.8,0.8,True,0.0,3
2023-24,37,Nott'm Forest,Chelsea,2.0,3.0,1.6,2.4000000000000004,True,-1.0,2
2023-24,37,Chelsea,Nott'm Forest,3.0,2.0,2.4000000000000004,1.6,False,1.0,2
2023-24,37,Burnley,Spurs,1.0,2.0,0.8,1.6,False,-1.0,1
2023-24,37,Spurs,Burnley,2.0,1.0,1.6,0.8,True,1.0,1
2023-24,37,Luton,West Ham,1.0,3.0,0.8,2.4000000000000004,False,-2.0,1
2023-24,37,West Ham,Luton,3.0,1.0,2.4000000000000004,0.8,True,2.0,1
2023-24,37,Wolves,Crystal Palace,1.0,3.0,0.8,2.4000000000000004,True,-2.0,4
2023-24,37,Crystal Palace,Wolves,3.0,1.0,2.4000000000000004,0.8,False,2.0,4
2023-24,38,Arsenal,Everton,2.0,1.0,1.6,0.8,True,1.0,2
2023-24,38,Everton,Arsenal,1.0,2.0,0.8,1.6,False,-1.0,2
2023-24,38,Brentford,Newcastle,2.0,4.0,1.6,3.2,True,-2.0,1
2023-24,38,Newcastle,Brentford,4.0,2.0,3.2,1.6,False,2.0,1
2023-24,38,Brighton,Man Utd,0.0,2.0,0.0,1.6,True,-2.0,4
2023-24,38,Man Utd,Brighton,2.0,0.0,1.6,0.0,False,2.0,4
2023-24,38,Nott'm Forest,Burnley,2.0,1.0,1.6,0.8,False,1.0,5
2023-24,38,Burnley,Nott'm Forest,1.0,2.0,0.8,1.6,True,-1.0,5
2023-24,38,Bournemouth,Chelsea,1.0,2.0,0.8,1.6,False,-1.0,1
2023-24,38,Chelsea,Bournemouth,2.0,1.0,1.6,0.8,True,1.0,1
2023-24,38,Aston Villa,Crystal Palace,0.0,5.0,0.0,4.0,False,-5.0,3
2023-24,38,Crystal Palace,Aston Villa,5.0,0.0,4.0,0.0,True,5.0,3
2023-24,38,Wolves,Liverpool,0.0,2.0,0.0,1.6,False,-2.0,2
2023-24,38,Liverpool,Wolves,2.0,0.0,1.6,0.0,True,2.0,2
2023-24,38,Luton,Fulham,2.0,4.0,1.6,3.2,True,-2.0,1
2023-24,38,Fulham,Luton,4.0,2.0,3.2,1.6,False,2.0,1
2023-24,38,Man City,West Ham,3.0,1.0,2.4000000000000004,0.8,True,2.0,1
2023-24,38,West Ham,Man City,1.0,3.0,0.8,2.4000000000000004,False,-2.0,1
2023-24,38,Sheffield Utd,Spurs,0.0,3.0,0.0,2.4000000000000004,True,-3.0,5
2023-24,38,Spurs,Sheffield Utd,3.0,0.0,2.4000000000000004,0.0,False,3.0,5
